Model,Accuracy,Precision,Recall,F1-Score
Logistic Regression,0.685,0.7613241758241758,0.685,0.7103441503787525
Random Forest,0.81,0.7973271638541101,0.81,0.8020610180732879
